uuid,name,component_type,catalog_name,equipment_class,r11,r22,r33,x11,x22,x33,r_matrix_units,x_matrix_units,c_matrix_units,ampacity_value,ampacity_units,construction
dadd1491-5161-4572-9d03-cdc76fbee9fa,3p_oh_code_3_1,MatrixImpedanceBranchEquipment,,,0.224646333333333,0.224646333333333,0.224646333333333,0.631065,0.631065,0.631065,ohm / kilometer,ohm / kilometer,nanofarad / kilometer,480,ampere,OVERHEAD
4cea055a-b1f0-458d-8e2b-f19afdb269cb,3p_oh_code_3_2,MatrixImpedanceBranchEquipment,,,0.224646333333333,0.224646333333333,0.224646333333333,0.631065,0.631065,0.631065,ohm / kilometer,ohm / kilometer,nanofarad / kilometer,960,ampere,OVERHEAD
9b0508d1-93f8-4213-8d86-0a680cddc632,3p_oh_code_3_3,MatrixImpedanceBranchEquipment,,,0.224646333333333,0.224646333333333,0.224646333333333,0.631065,0.631065,0.631065,ohm / kilometer,ohm / kilometer,nanofarad / kilometer,1200,ampere,OVERHEAD
de8290a5-781c-4ccb-b2ad-a59cf40b2ea6,breaker_69kv_3,MatrixImpedanceBranchEquipment,,,1.0e-05,1.0e-05,1.0e-05,1.0e-05,1.0e-05,1.0e-05,ohm / kilometer,ohm / kilometer,nanofarad / kilometer,900,ampere,OVERHEAD
261aa09b-1772-4f49-88e0-5c8ac92f69c0,breaker_13kv_3,MatrixImpedanceBranchEquipment,,,1.0e-05,1.0e-05,1.0e-05,1.0e-05,1.0e-05,1.0e-05,ohm / kilometer,ohm / kilometer,nanofarad / kilometer,1200,ampere,OVERHEAD
f4923981-68d8-43c7-8bee-7a7218d651e7,breaker_13kv_3_1,MatrixImpedanceBranchEquipment,,,1.0e-05,1.0e-05,1.0e-05,1.0e-05,1.0e-05,1.0e-05,ohm / kilometer,ohm / kilometer,nanofarad / kilometer,1500,ampere,OVERHEAD
98a44b9c-1552-4a2d-9f7c-2ff413826575,1p_ug_al_1/0_brenau_2,MatrixImpedanceBranchEquipment,,,0.9149,0.9149,,0.4972667,0.4972667,,ohm / kilometer,ohm / kilometer,nanofarad / kilometer,205,ampere,OVERHEAD
4be26432-a726-4be8-9c6b-0f6beb7a3640,1p_oh_al_4/0_zuzara_2,MatrixImpedanceBranchEquipment,,,0.4728,0.4728,,0.213533333333333,0.213533333333333,,ohm / kilometer,ohm / kilometer,nanofarad / kilometer,115,ampere,OVERHEAD
6708c1ce-30a0-4651-b022-b5340eb59a34,1p_ug_al_4/0_sweetbriar_2,MatrixImpedanceBranchEquipment,,,0.5462333,0.5462333,,0.2976,0.2976,,ohm / kilometer,ohm / kilometer,nanofarad / kilometer,301,ampere,OVERHEAD
ffd542e8-118a-49a7-96b3-12388109daa9,1p_ug_al_2/0_converse_2,MatrixImpedanceBranchEquipment,,,0.7793333,0.7793333,,0.4209333,0.4209333,,ohm / kilometer,ohm / kilometer,nanofarad / kilometer,233,ampere,OVERHEAD
cb58d30d-c8db-4365-a68b-2c14843a4f89,1p_oh_al_2/0_rucina_2,MatrixImpedanceBranchEquipment,,,0.716633333333333,0.716633333333333,,0.288833333333333,0.288833333333333,,ohm / kilometer,ohm / kilometer,nanofarad / kilometer,115,ampere,OVERHEAD
daeffc0b-1225-4c4d-bbbd-58ee355043f0,1p_oh_al_2/0_rucina_2_1,MatrixImpedanceBranchEquipment,,,0.716633333333333,0.716633333333333,,0.288833333333333,0.288833333333333,,ohm / kilometer,ohm / kilometer,nanofarad / kilometer,300,ampere,OVERHEAD
e3579e1c-1ee3-41a0-baff-c7c84a8efefc,1p_oh_al_4_periwinkle_2,MatrixImpedanceBranchEquipment,,,1.76096666666667,1.76096666666667,,0.669833333333333,0.669833333333333,,ohm / kilometer,ohm / kilometer,nanofarad / kilometer,115,ampere,OVERHEAD
4ac6e452-b3df-4e16-8bd3-13356725f99d,1p_oh_al_acsr_#2_sparrow_1,MatrixImpedanceBranchEquipment,,,1.0412,,,0.7627,,,ohm / kilometer,ohm / kilometer,nanofarad / kilometer,165,ampere,OVERHEAD
cf66f7de-7e63-4a66-ab08-76d9e95584e8,1p_ug_al_1,MatrixImpedanceBranchEquipment,,,0.9177,,,0.9547,,,ohm / kilometer,ohm / kilometer,nanofarad / kilometer,151,ampere,OVERHEAD
41de7f97-ad2a-4ac5-b5d4-13b38d2f1c6a,3p_ug_al_3,MatrixImpedanceBranchEquipment,,,0.3289333,0.3289333,0.3289333,0.9076,0.9076,0.9076,ohm / kilometer,ohm / kilometer,nanofarad / kilometer,295,ampere,OVERHEAD
b54d8fa4-9053-4f74-9c44-e9cfde13280e,3p_ug_al_3_1,MatrixImpedanceBranchEquipment,,,0.3289333,0.3289333,0.3289333,0.9076,0.9076,0.9076,ohm / kilometer,ohm / kilometer,nanofarad / kilometer,390,ampere,OVERHEAD
4331793e-6451-456e-b110-7cfaab46acc5,3p_ug_al_500kcmil_3_1,MatrixImpedanceBranchEquipment,,,0.1743333,0.1743333,0.1743333,0.8743333,0.8743333,0.8743333,ohm / kilometer,ohm / kilometer,nanofarad / kilometer,445,ampere,OVERHEAD
3f6090ea-2a11-477d-803d-89fa2e264af0,3p_oh_al_acsr_1033kcmil_curlew_3,MatrixImpedanceBranchEquipment,,,0.0871,0.0871,0.0871,0.5382333,0.5382333,0.5382333,ohm / kilometer,ohm / kilometer,nanofarad / kilometer,960,ampere,OVERHEAD
d3dd41e7-f8c0-4c9b-97a8-ce30e3b72d03,3p_oh_al_acsr_4/0_penguin_3,MatrixImpedanceBranchEquipment,,,0.3635667,0.3635667,0.3635667,0.6385333,0.6385333,0.6385333,ohm / kilometer,ohm / kilometer,nanofarad / kilometer,325,ampere,OVERHEAD
288ea2e9-6acf-4e0a-a2fc-5caa932d208d,3p_ug_al_350kcmil_3_5,MatrixImpedanceBranchEquipment,,,0.3388667,0.3388667,0.3388667,0.5126,0.5126,0.5126,ohm / kilometer,ohm / kilometer,nanofarad / kilometer,370,ampere,OVERHEAD
2b2eadf3-5f78-4bac-a036-ea63903edb51,3p_ug_al_750kcmil_3_2,MatrixImpedanceBranchEquipment,,,0.2296133,0.2296133,0.2296133,0.54,0.54,0.54,ohm / kilometer,ohm / kilometer,nanofarad / kilometer,550,ampere,OVERHEAD
88b9dc9d-d1ce-4056-8748-57de0e6adcca,padswitch_1_3,MatrixImpedanceBranchEquipment,,,0.001,,,0.001,,,ohm / kilometer,ohm / kilometer,nanofarad / kilometer,151,ampere,OVERHEAD
a1b038fd-4f7e-4e09-ba38-8b41b62e5093,padswitch_1_4,MatrixImpedanceBranchEquipment,,,0.001,,,0.001,,,ohm / kilometer,ohm / kilometer,nanofarad / kilometer,301,ampere,OVERHEAD
628d31a6-6b58-4bb5-8022-927f7688e798,padswitch_1,MatrixImpedanceBranchEquipment,,,0.001,,,0.001,,,ohm / kilometer,ohm / kilometer,nanofarad / kilometer,205,ampere,OVERHEAD
8d927255-af67-4877-a6e0-ee1571bb32ab,padswitch_1_1,MatrixImpedanceBranchEquipment,,,0.001,,,0.001,,,ohm / kilometer,ohm / kilometer,nanofarad / kilometer,165,ampere,OVERHEAD
3da01be3-6a36-4944-b9da-aa1eaadc6980,padswitch_1_5,MatrixImpedanceBranchEquipment,,,0.001,,,0.001,,,ohm / kilometer,ohm / kilometer,nanofarad / kilometer,115,ampere,OVERHEAD
1a9f8cb6-ac19-4c48-9c0f-8712c25107e3,padswitch_3_2,MatrixImpedanceBranchEquipment,,,0.001,0.001,0.001,0.001,0.001,0.001,ohm / kilometer,ohm / kilometer,nanofarad / kilometer,295,ampere,OVERHEAD
11c1ff8e-eb49-4107-b40f-a4b9809dfbcc,padswitch_3,MatrixImpedanceBranchEquipment,,,0.001,0.001,0.001,0.001,0.001,0.001,ohm / kilometer,ohm / kilometer,nanofarad / kilometer,325,ampere,OVERHEAD
f8a84511-0b6e-4a9a-a11b-a65d9fb7e699,padswitch_3_3,MatrixImpedanceBranchEquipment,,,0.001,0.001,0.001,0.001,0.001,0.001,ohm / kilometer,ohm / kilometer,nanofarad / kilometer,390,ampere,OVERHEAD
cf754469-702a-480d-b06f-6538cee5409c,padswitch_1_2,MatrixImpedanceBranchEquipment,,,0.001,,,0.001,,,ohm / kilometer,ohm / kilometer,nanofarad / kilometer,233,ampere,OVERHEAD
eabbf433-6eed-45a4-97e0-18484b8ba72d,padswitch_3_4,MatrixImpedanceBranchEquipment,,,0.001,0.001,0.001,0.001,0.001,0.001,ohm / kilometer,ohm / kilometer,nanofarad / kilometer,525,ampere,OVERHEAD
9e9f252d-6067-4817-908a-d9b4681923e9,padswitch_3_5,MatrixImpedanceBranchEquipment,,,0.001,0.001,0.001,0.001,0.001,0.001,ohm / kilometer,ohm / kilometer,nanofarad / kilometer,445,ampere,OVERHEAD
ce1ca2ce-ef51-4e9f-a9c6-0023f649e772,padswitch_3_6,MatrixImpedanceBranchEquipment,,,0.001,0.001,0.001,0.001,0.001,0.001,ohm / kilometer,ohm / kilometer,nanofarad / kilometer,550,ampere,OVERHEAD
2090533e-8460-4462-b5ee-7b7d5c3c9278,padswitch_3_7,MatrixImpedanceBranchEquipment,,,0.001,0.001,0.001,0.001,0.001,0.001,ohm / kilometer,ohm / kilometer,nanofarad / kilometer,595,ampere,OVERHEAD
666e149c-5195-4045-b433-8cf3eea0dfba,padswitch_3_8,MatrixImpedanceBranchEquipment,,,0.001,0.001,0.001,0.001,0.001,0.001,ohm / kilometer,ohm / kilometer,nanofarad / kilometer,960,ampere,OVERHEAD
118d9e4c-c78c-4156-8023-93d75fac8ef4,padswitch_3_12,MatrixImpedanceBranchEquipment,,,0.001,0.001,0.001,0.001,0.001,0.001,ohm / kilometer,ohm / kilometer,nanofarad / kilometer,301,ampere,OVERHEAD
125fb1cc-ef68-46ab-afbe-0cf92995501b,padswitch_3_19,MatrixImpedanceBranchEquipment,,,0.001,0.001,0.001,0.001,0.001,0.001,ohm / kilometer,ohm / kilometer,nanofarad / kilometer,151,ampere,OVERHEAD
e1f9dc28-41d5-4fa5-bd24-f56ba5b97dcb,padswitch_3_17,MatrixImpedanceBranchEquipment,,,0.001,0.001,0.001,0.001,0.001,0.001,ohm / kilometer,ohm / kilometer,nanofarad / kilometer,205,ampere,OVERHEAD
310578b0-e59a-40ba-8418-65124bea6b8b,padswitch_3_9,MatrixImpedanceBranchEquipment,,,0.001,0.001,0.001,0.001,0.001,0.001,ohm / kilometer,ohm / kilometer,nanofarad / kilometer,370,ampere,OVERHEAD
fb7acf55-4b86-4c39-8479-29cf9a3448f4,fuse_1_7,MatrixImpedanceBranchEquipment,,,0.001,,,0.001,,,ohm / kilometer,ohm / kilometer,nanofarad / kilometer,151,ampere,OVERHEAD
d972378e-0a6e-4719-ab6b-e85bc664b3ac,fuse_1_3,MatrixImpedanceBranchEquipment,,,0.001,,,0.001,,,ohm / kilometer,ohm / kilometer,nanofarad / kilometer,295,ampere,OVERHEAD
b737d842-45c9-4391-8e9c-0b841e6364b4,fuse_1,MatrixImpedanceBranchEquipment,,,0.001,,,0.001,,,ohm / kilometer,ohm / kilometer,nanofarad / kilometer,325,ampere,OVERHEAD
e78fc8ec-b0b6-42f1-9705-50c0ef072c77,fuse_1_8,MatrixImpedanceBranchEquipment,,,0.001,,,0.001,,,ohm / kilometer,ohm / kilometer,nanofarad / kilometer,301,ampere,OVERHEAD
673ad36a-4edf-4e36-a9c5-173204b50cf5,fuse_1_4,MatrixImpedanceBranchEquipment,,,0.001,,,0.001,,,ohm / kilometer,ohm / kilometer,nanofarad / kilometer,370,ampere,OVERHEAD
74898b41-4b1e-4d88-b6af-233898644a63,fuse_1_12,MatrixImpedanceBranchEquipment,,,0.001,,,0.001,,,ohm / kilometer,ohm / kilometer,nanofarad / kilometer,445,ampere,OVERHEAD
d56e78da-7821-4a71-aa69-0b6d6b911a96,fuse_1_6,MatrixImpedanceBranchEquipment,,,0.001,,,0.001,,,ohm / kilometer,ohm / kilometer,nanofarad / kilometer,205,ampere,OVERHEAD
d1043ebc-093b-4d13-a80b-696ff168e189,fuse_1_2,MatrixImpedanceBranchEquipment,,,0.001,,,0.001,,,ohm / kilometer,ohm / kilometer,nanofarad / kilometer,165,ampere,OVERHEAD
54f05d43-7bbc-40a3-9046-7c846fb4bffd,3p_oh_al_acsr_336kcmil_merlin_3,MatrixImpedanceBranchEquipment,,,0.2377333,0.2377333,0.2377333,0.6083333,0.6083333,0.6083333,ohm / kilometer,ohm / kilometer,nanofarad / kilometer,475,ampere,OVERHEAD
70b60251-4e06-4abc-a8d5-abf8153f5d95,3p_ug_al_500kcmil_3,MatrixImpedanceBranchEquipment,,,0.1743333,0.1743333,0.1743333,0.8743333,0.8743333,0.8743333,ohm / kilometer,ohm / kilometer,nanofarad / kilometer,900,ampere,OVERHEAD
fe6d51f3-97a9-4151-b9d7-0907e693095a,3p_ug_al_750kcmil_3,MatrixImpedanceBranchEquipment,,,0.1368733,0.1368733,0.1368733,0.8584667,0.8584667,0.8584667,ohm / kilometer,ohm / kilometer,nanofarad / kilometer,525,ampere,OVERHEAD
704237cd-1911-40a5-822f-e08be2043df3,3p_ug_al_3_3,MatrixImpedanceBranchEquipment,,,0.445,0.445,0.445,0.5326,0.5326,0.5326,ohm / kilometer,ohm / kilometer,nanofarad / kilometer,285,ampere,OVERHEAD
fae5a07c-dcab-4114-a162-f5e803e50a03,padswitch_3_1,MatrixImpedanceBranchEquipment,,,0.001,0.001,0.001,0.001,0.001,0.001,ohm / kilometer,ohm / kilometer,nanofarad / kilometer,900,ampere,OVERHEAD
b1bdf0a9-f5b4-4349-a8be-435cadc4c159,fuse_1_1,MatrixImpedanceBranchEquipment,,,0.001,,,0.001,,,ohm / kilometer,ohm / kilometer,nanofarad / kilometer,115,ampere,OVERHEAD
6b363897-ad30-4d7e-8527-50de6e860ae9,fuse_1_10,MatrixImpedanceBranchEquipment,,,0.001,,,0.001,,,ohm / kilometer,ohm / kilometer,nanofarad / kilometer,475,ampere,OVERHEAD
33275a02-b5b8-43c4-9ed3-668b11e4fd01,1p_oh_al_4/0_zuzara_2_1,MatrixImpedanceBranchEquipment,,,0.4728,0.4728,,0.213533333333333,0.213533333333333,,ohm / kilometer,ohm / kilometer,nanofarad / kilometer,300,ampere,OVERHEAD
